"DateKey","GeoKey","Date","NewConfirmed","NewDeceased","CurrentHospitalized","CurrentICU","MobilityWorkplaces","MobilityResidential","Population","NewConfirmedPer100k","DailyFatalityRatio"
"20200418","AR_J_084","4/18/2020 12:00:00 AM","0","0","","","-37","","82641","0",""
"20200419","AR_J_084","4/19/2020 12:00:00 AM","0","0","","","-38","","82641","0",""
"20200421","AR_J_084","4/21/2020 12:00:00 AM","0","0","","","-36","","82641","0",""
"20200422","AR_J_084","4/22/2020 12:00:00 AM","0","0","","","-36","","82641","0",""
"20200425","AR_J_084","4/25/2020 12:00:00 AM","0","0","","","-32","","82641","0",""
"20200427","AR_J_084","4/27/2020 12:00:00 AM","0","0","","","-29","","82641","0",""
"20200814","AR_J_084","8/14/2020 12:00:00 AM","0","0","","","5","","82641","0",""
"20200815","AR_J_084","8/15/2020 12:00:00 AM","0","0","","","4","","82641","0",""
"20200816","AR_J_084","8/16/2020 12:00:00 AM","0","0","","","16","","82641","0",""
"20200819","AR_J_084","8/19/2020 12:00:00 AM","0","0","","","4","","82641","0",""
"20200808","AR_J_084","8/8/2020 12:00:00 AM","0","0","","","5","","82641","0",""
"20200809","AR_J_084","8/9/2020 12:00:00 AM","0","0","","","7","","82641","0",""
"20200810","AR_J_084","8/10/2020 12:00:00 AM","0","0","","","5","","82641","0",""
"20200811","AR_J_084","8/11/2020 12:00:00 AM","0","0","","","4","","82641","0",""
"20200812","AR_J_084","8/12/2020 12:00:00 AM","0","0","","","5","","82641","0",""
"20200813","AR_J_084","8/13/2020 12:00:00 AM","0","0","","","6","","82641","0",""
"20200802","AR_J_084","8/2/2020 12:00:00 AM","0","0","","","1","","82641","0",""
"20200803","AR_J_084","8/3/2020 12:00:00 AM","0","0","","","3","","82641","0",""
"20200804","AR_J_084","8/4/2020 12:00:00 AM","0","0","","","3","","82641","0",""
"20200805","AR_J_084","8/5/2020 12:00:00 AM","0","0","","","5","","82641","0",""
"20200806","AR_J_084","8/6/2020 12:00:00 AM","0","0","","","2","","82641","0",""
"20200807","AR_J_084","8/7/2020 12:00:00 AM","0","0","","","6","","82641","0",""
"20200725","AR_J_084","7/25/2020 12:00:00 AM","0","0","","","1","","82641","0",""
"20200727","AR_J_084","7/27/2020 12:00:00 AM","0","0","","","1","","82641","0",""
"20200728","AR_J_084","7/28/2020 12:00:00 AM","0","0","","","3","","82641","0",""
"20200730","AR_J_084","7/30/2020 12:00:00 AM","0","0","","","2","","82641","0",""
"20200731","AR_J_084","7/31/2020 12:00:00 AM","0","0","","","4","","82641","0",""
"20200801","AR_J_084","8/1/2020 12:00:00 AM","0","0","","","2","","82641","0",""
"20200718","AR_J_084","7/18/2020 12:00:00 AM","0","0","","","2","","82641","0",""
"20200719","AR_J_084","7/19/2020 12:00:00 AM","0","0","","","5","","82641","0",""
"20200720","AR_J_084","7/20/2020 12:00:00 AM","0","0","","","2","","82641","0",""
"20200721","AR_J_084","7/21/2020 12:00:00 AM","2","0","","","-1","","82641","2.42010624266405","0"
"20200722","AR_J_084","7/22/2020 12:00:00 AM","0","0","","","-1","","82641","0",""
"20200724","AR_J_084","7/24/2020 12:00:00 AM","0","0","","","2","","82641","0",""
"20200711","AR_J_084","7/11/2020 12:00:00 AM","0","0","","","-2","","82641","0",""
"20200712","AR_J_084","7/12/2020 12:00:00 AM","0","0","","","1","","82641","0",""
"20200713","AR_J_084","7/13/2020 12:00:00 AM","0","0","","","-4","","82641","0",""
"20200714","AR_J_084","7/14/2020 12:00:00 AM","0","0","","","-3","","82641","0",""
"20200716","AR_J_084","7/16/2020 12:00:00 AM","0","0","","","0","","82641","0",""
"20200717","AR_J_084","7/17/2020 12:00:00 AM","0","0","","","-1","","82641","0",""
"20200628","AR_J_084","6/28/2020 12:00:00 AM","1","0","","","-4","","82641","1.21005312133203","0"
"20200630","AR_J_084","6/30/2020 12:00:00 AM","0","0","","","-1","","82641","0",""
"20200701","AR_J_084","7/1/2020 12:00:00 AM","0","0","","","0","","82641","0",""
"20200704","AR_J_084","7/4/2020 12:00:00 AM","0","0","","","1","","82641","0",""
"20200706","AR_J_084","7/6/2020 12:00:00 AM","0","0","","","-1","","82641","0",""
"20200709","AR_J_084","7/9/2020 12:00:00 AM","0","0","","","-50","","82641","0",""
"20200621","AR_J_084","6/21/2020 12:00:00 AM","0","0","","","25","","82641","0",""
"20200623","AR_J_084","6/23/2020 12:00:00 AM","0","0","","","-4","","82641","0",""
"20200624","AR_J_084","6/24/2020 12:00:00 AM","0","0","","","-4","","82641","0",""
"20200625","AR_J_084","6/25/2020 12:00:00 AM","0","0","","","-2","","82641","0",""
"20200626","AR_J_084","6/26/2020 12:00:00 AM","0","0","","","-1","","82641","0",""
"20200627","AR_J_084","6/27/2020 12:00:00 AM","0","0","","","0","","82641","0",""
"20200615","AR_J_084","6/15/2020 12:00:00 AM","0","0","","","-53","","82641","0",""
"20200616","AR_J_084","6/16/2020 12:00:00 AM","0","0","","","-3","","82641","0",""
"20200617","AR_J_084","6/17/2020 12:00:00 AM","0","0","","","-2","","82641","0",""
"20200618","AR_J_084","6/18/2020 12:00:00 AM","0","0","","","-3","","82641","0",""
"20200619","AR_J_084","6/19/2020 12:00:00 AM","0","0","","","-3","","82641","0",""
"20200620","AR_J_084","6/20/2020 12:00:00 AM","0","0","","","-9","","82641","0",""
"20200609","AR_J_084","6/9/2020 12:00:00 AM","0","0","","","-5","","82641","0",""
"20200610","AR_J_084","6/10/2020 12:00:00 AM","0","0","","","-4","","82641","0",""
"20200611","AR_J_084","6/11/2020 12:00:00 AM","0","0","","","-7","","82641","0",""
"20200612","AR_J_084","6/12/2020 12:00:00 AM","0","0","","","-4","","82641","0",""
"20200613","AR_J_084","6/13/2020 12:00:00 AM","0","0","","","-2","","82641","0",""
"20200614","AR_J_084","6/14/2020 12:00:00 AM","0","0","","","0","","82641","0",""
"20200603","AR_J_084","6/3/2020 12:00:00 AM","0","0","","","-10","","82641","0",""
"20200604","AR_J_084","6/4/2020 12:00:00 AM","0","0","","","-7","","82641","0",""
"20200605","AR_J_084","6/5/2020 12:00:00 AM","0","0","","","-5","","82641","0",""
"20200606","AR_J_084","6/6/2020 12:00:00 AM","0","0","","","1","","82641","0",""
"20200607","AR_J_084","6/7/2020 12:00:00 AM","0","0","","","1","","82641","0",""
"20200608","AR_J_084","6/8/2020 12:00:00 AM","0","0","","","-4","","82641","0",""
"20200526","AR_J_084","5/26/2020 12:00:00 AM","0","0","","","-11","","82641","0",""
"20200527","AR_J_084","5/27/2020 12:00:00 AM","0","0","","","-8","","82641","0",""
"20200528","AR_J_084","5/28/2020 12:00:00 AM","0","0","","","-10","","82641","0",""
"20200529","AR_J_084","5/29/2020 12:00:00 AM","0","0","","","-9","","82641","0",""
"20200531","AR_J_084","5/31/2020 12:00:00 AM","0","0","","","-3","","82641","0",""
"20200602","AR_J_084","6/2/2020 12:00:00 AM","0","0","","","-8","","82641","0",""
"20200519","AR_J_084","5/19/2020 12:00:00 AM","0","0","","","-13","","82641","0",""
"20200520","AR_J_084","5/20/2020 12:00:00 AM","0","0","","","-13","","82641","0",""
"20200521","AR_J_084","5/21/2020 12:00:00 AM","0","0","","","-14","","82641","0",""
"20200522","AR_J_084","5/22/2020 12:00:00 AM","0","0","","","-11","","82641","0",""
"20200524","AR_J_084","5/24/2020 12:00:00 AM","0","0","","","-10","","82641","0",""
"20200525","AR_J_084","5/25/2020 12:00:00 AM","0","0","","","-60","","82641","0",""
"20200512","AR_J_084","5/12/2020 12:00:00 AM","0","0","","","-14","","82641","0",""
"20200513","AR_J_084","5/13/2020 12:00:00 AM","0","0","","","-13","","82641","0",""
"20200515","AR_J_084","5/15/2020 12:00:00 AM","0","0","","","-11","","82641","0",""
"20200516","AR_J_084","5/16/2020 12:00:00 AM","0","0","","","-10","","82641","0",""
"20200517","AR_J_084","5/17/2020 12:00:00 AM","0","0","","","-15","","82641","0",""
"20200518","AR_J_084","5/18/2020 12:00:00 AM","0","0","","","-12","","82641","0",""
"20200504","AR_J_084","5/4/2020 12:00:00 AM","0","0","","","-23","","82641","0",""
"20200506","AR_J_084","5/6/2020 12:00:00 AM","0","0","","","-23","","82641","0",""
"20200507","AR_J_084","5/7/2020 12:00:00 AM","0","0","","","-22","","82641","0",""
"20200509","AR_J_084","5/9/2020 12:00:00 AM","0","0","","","-21","","82641","0",""
"20200510","AR_J_084","5/10/2020 12:00:00 AM","0","0","","","-18","","82641","0",""
"20200511","AR_J_084","5/11/2020 12:00:00 AM","0","0","","","-13","","82641","0",""
"20200428","AR_J_084","4/28/2020 12:00:00 AM","0","0","","","-31","","82641","0",""
"20200429","AR_J_084","4/29/2020 12:00:00 AM","0","0","","","-28","","82641","0",""
"20200430","AR_J_084","4/30/2020 12:00:00 AM","0","0","","","-27","","82641","0",""
"20200501","AR_J_084","5/1/2020 12:00:00 AM","0","0","","","-71","","82641","0",""
"20200502","AR_J_084","5/2/2020 12:00:00 AM","0","0","","","-27","","82641","0",""
"20200503","AR_J_084","5/3/2020 12:00:00 AM","1","0","","","-26","","82641","1.21005312133203","0"
